feature_group,model,RMSE_mean,RMSE_std,MAE_mean,MAE_std,MAPE_mean,MAPE_std,R2_mean,R2_std,elapsed_time_mean,elapsed_time_std
all_areas,BASELINE,320.12088428036236,56.78973534269668,243.17591948437496,39.28215786462048,3191535282793758.0,4508537575356231.0,-0.16701750854346695,0.3767700728088954,0.012424800001705686,0.00447255067807795
all_areas,LGBM,230.53405200544944,34.106956317278424,182.8768859463519,29.244896569533026,1.7172396456053338e+16,2.1785622748582532e+16,0.39536672514584287,0.19059800002375363,80.85404323332962,1.2437900001345723
all_areas,NEURALPROPHET,308.28741053744733,58.62496911900308,249.61356517629326,49.61388958810041,1.0216671351057158e+16,1.1773752947798178e+16,-0.08754928877407757,0.37477096211017696,168.6219534999982,1.2703242953802034
all_areas,TimeGPT,516.2088618345496,148.30118515919227,455.6267575711806,158.3077418648088,4.771933061274764e+16,5.1425184375032616e+16,-2.2998275909581523,1.7323181586068357,5.210657033332002,0.018147572413796227
