feature_group,model,RMSE_mean,RMSE_std,MAE_mean,MAE_std,MAPE_mean,MAPE_std,R2_mean,R2_std,elapsed_time_mean,elapsed_time_std
all_areas,BASELINE,320.1208842803624,56.78973534269668,243.17591948437496,39.28215786462048,3191535282793758.0,4508537575356231.0,-0.1670175085434669,0.3767700728088954,0.0085811333362168,0.0016743191385117
all_areas,LGBM,252.96897952425888,49.07752289693083,202.782611050906,41.8850315377132,1.5578792986831706e+16,1.4532463030724376e+16,0.2548510757986283,0.3201045727463091,86.23660059999868,1.541192727643782
all_areas,ARIMA,206.7892945331518,31.773352811814807,163.18255848097326,29.686227643236965,1.1441539104444114e+16,1.2043098766036988e+16,0.4855919716293611,0.18746751966553044,1501.8181428617129,-2.568365319663446
all_areas,NEURALPROPHET,291.3685377813616,39.03325424857069,230.8337484211613,32.193594827017264,1.2624539061642202e+16,1.7054339330705216e+16,0.0416203231683343,0.2596379955679159,206.37271679999927,1.1403074471169157
all_areas,TimeGPT,523.4875487087437,158.32509693497593,465.6249486927084,166.10231614872586,4.872847086806351e+16,5.275315518936297e+16,-2.4236632199267194,1.8317666184475496,13.912485966662643,6.663752585736068
