feature_group,model,RMSE_mean,RMSE_std,MAE_mean,MAE_std,MAPE_mean,MAPE_std,R2_mean,R2_std,elapsed_time_mean,elapsed_time_std
all_areas,BASELINE,320.1208842803624,56.78973534269668,243.17591948437496,39.28215786462048,3191535282793758.0,4508537575356231.0,-0.1670175085434669,0.3767700728088954,0.0098568666677844,0.0038647281221473
all_areas,LGBM,237.1691729319884,19.644493889355186,187.8335452236004,12.554933577356463,2.393460093053405e+16,2.7104136072488704e+16,0.3705655569513826,0.1241241904572457,85.84939246666909,1.3292364427118644
all_areas,ARIMA,206.3858841451415,31.719556277781162,169.29227070113058,27.411050394803567,1.1151661380528804e+16,1.1009518273757606e+16,0.4791297740901549,0.18036843545790263,1448.5147162619637,-14.743875292370204
all_areas,NEURALPROPHET,276.88531409969386,63.86586224411096,227.29781101749336,55.65398129434466,1.1981241007530998e+16,1.3510661039627664e+16,0.0869372214683822,0.4760434474919202,205.4432726666661,1.0625902175753483
all_areas,TimeGPT,505.6640140966272,149.62246718932022,443.53427526215273,158.4916477047956,4.858962137311447e+16,5.3666963124246936e+16,-2.188149984947481,1.803832804752022,5.446689333325291,0.2628346228512959
