feature_group,model,RMSE_mean,RMSE_std,MAE_mean,MAE_std,MAPE_mean,MAPE_std,R2_mean,R2_std,elapsed_time_mean,elapsed_time_std
all_areas,BASELINE,320.12088428036236,56.78973534269668,243.17591948437496,39.28215786462048,3191535282793758.0,4508537575356231.0,-0.16701750854346695,0.3767700728088954,0.012703799996719075,0.00633253144127396
all_areas,LGBM,220.68412083610693,49.54931348666078,175.31454930506288,41.13389151046037,2.0477822482943236e+16,2.5767024241319428e+16,0.43332701393790574,0.23199839555147753,82.79081146666431,0.8293084317485508
all_areas,NEURALPROPHET,291.3939092016357,23.607889813259874,234.44944873899843,17.736900300887953,8468116673192941.0,1.1001041258128974e+16,0.04724176113393334,0.20241921841015606,177.15635456666737,0.7567614184101036
all_areas,TimeGPT,508.50197280509656,146.51989611242854,449.7531085954861,153.5138017198177,4.650439422852193e+16,4.974725443525422e+16,-2.1978834503234137,1.6276760404355508,5.799934566670951,0.30598372381311795
