feature_group,model,RMSE_mean,RMSE_std,MAE_mean,MAE_std,MAPE_mean,MAPE_std,R2_mean,R2_std,elapsed_time_mean,elapsed_time_std
all_areas,BASELINE,320.12088428036236,56.78973534269668,243.17591948437496,39.28215786462048,3191535282793758.0,4508537575356231.0,-0.16701750854346695,0.3767700728088954,0.008769033331191167,0.0015099410087763211
all_areas,LGBM,239.08778705683798,25.555833766698317,193.13549551719157,19.78855513114987,7525064623636793.0,6217804013824294.0,0.35535089201588227,0.1650979437562844,79.46147226665926,1.7028148451673095
all_areas,NEURALPROPHET,303.21534772008414,75.57191434611411,243.4050975845371,60.37177512686253,9360051815725380.0,1.0572244653513234e+16,-0.0920836669623667,0.5368540319604581,157.093483766667,0.9200878815629849
all_areas,TimeGPT,526.4302817452126,162.65405560146158,466.19982373090284,176.1420547801278,4.955029093375331e+16,5.495912832093023e+16,-2.4857300182713273,2.0738619208539104,4.962143333342586,0.014360104285057584
