feature_group,model,RMSE_mean,RMSE_std,MAE_mean,MAE_std,MAPE_mean,MAPE_std,R2_mean,R2_std,elapsed_time_mean,elapsed_time_std
all_areas,BASELINE,320.12088428036236,56.78973534269668,243.17591948437496,39.28215786462048,3191535282793758.0,4508537575356231.0,-0.16701750854346695,0.3767700728088954,0.013991233334915401,0.004951152634598841
all_areas,LGBM,228.73523509171991,21.423686402939545,184.8580333012188,18.8862352739855,1.3701199219586342e+16,1.689011148392678e+16,0.4119815760674899,0.13520503209197945,82.03765123333142,0.26653778402324063
all_areas,NEURALPROPHET,301.3677512313557,64.63816300608265,246.66241921535917,56.4207921871033,1.0758831515282186e+16,1.4336129811679804e+16,-0.062396806648473135,0.46976870711863694,188.59286003333304,1.0237790966545461
all_areas,TimeGPT,523.7955365286872,158.07951216873468,465.6155833802083,165.44312406133886,4.826503263965857e+16,5.198993685874343e+16,-2.4246107202237464,1.8135794758743324,11.514487933328686,5.46910323903692
