feature_group,model,RMSE_mean,RMSE_std,MAE_mean,MAE_std,MAPE_mean,MAPE_std,R2_mean,R2_std,elapsed_time_mean,elapsed_time_std
all_areas,BASELINE,320.12088428036236,56.78973534269668,243.17591948437496,39.28215786462048,3191535282793758.0,4508537575356231.0,-0.16701750854346695,0.3767700728088954,0.014608533330222903,0.005227013557008876
all_areas,LGBM,239.05668380051756,31.595895138207446,189.05986475090916,30.14883018064528,1.965004227067281e+16,2.7248283580658576e+16,0.35221366163569967,0.18988686316241127,85.97374943333368,1.9978765384395816
all_areas,NEURALPROPHET,291.24345868999734,33.031824731972286,231.23360013141885,27.57411041694342,6140832570671196.0,8277509377004962.0,0.049947923171494324,0.20833963790061105,193.51903906666848,0.38962604626008535
all_areas,TimeGPT,527.0415137619566,158.68399005158247,466.7942825364583,169.13444219785407,4.926169135625715e+16,5.409618053169115e+16,-2.4725822012149523,1.9314550524053136,5.3369087333364105,0.2101859324294027
