feature_group,model,RMSE_mean,RMSE_std,MAE_mean,MAE_std,MAPE_mean,MAPE_std,R2_mean,R2_std,elapsed_time_mean,elapsed_time_std
all_areas,BASELINE,320.12088428036236,56.78973534269668,243.17591948437496,39.28215786462048,3191535282793758.0,4508537575356231.0,-0.16701750854346695,0.3767700728088954,0.02006239999900572,0.004066189507279709
all_areas,LGBM,251.18875385669898,35.09367159774878,200.48946092595614,30.25767525851465,2.1678309606972304e+16,2.627430240533108e+16,0.2822730834799729,0.22509617553189012,80.8807457999889,0.13045887159784825
all_areas,ARIMA,217.05510472225887,34.61590397936196,171.92306109714968,31.737866220754327,1.137347894659661e+16,1.0928483771698186e+16,0.4585642814281921,0.19938018902573756,427.78723786667496,3.443363894466192
all_areas,NEURALPROPHET,326.348696737839,53.024348776066596,264.4301753484938,65.36824265926575,3.05411674128167e+16,4.028041684118229e+16,-0.5058169021062409,1.4124203291548572,172.9916690666772,1.4356981079472633
all_areas,TimeGPT,533.7546995045467,171.18000341365772,477.41706509895835,178.3035795751278,4.9549205847718104e+16,5.392996303112263e+16,-2.6021655478044923,2.007201327709926,9.613042666664114,5.938746075566579
