feature_group,model,RMSE_mean,RMSE_std,MAE_mean,MAE_std,MAPE_mean,MAPE_std,R2_mean,R2_std,elapsed_time_mean,elapsed_time_std
all_areas,BASELINE,320.12088428036236,56.78973534269668,243.17591948437496,39.28215786462048,3191535282793758.0,4508537575356231.0,-0.16701750854346695,0.3767700728088954,0.011176066667151948,0.0030951818024778704
all_areas,LGBM,260.36914492336336,28.71697291994947,212.9515059807206,19.894153952131063,2.4206494884461916e+16,2.6461939966842028e+16,0.23711828771941956,0.18719067222647875,83.43528436667111,0.8999143328074801
all_areas,NEURALPROPHET,309.6417752558629,54.95131216935896,250.8240087256775,46.274545269724214,1.3343929858290216e+16,1.6162244665637376e+16,-0.1127629053837745,0.4616516096309705,188.1265747333382,1.7429644563013682
all_areas,TimeGPT,524.4123827551067,142.6323762952567,461.94925378298603,154.66350737606277,4.82814511532376e+16,5.270578336644112e+16,-2.3757071235640796,1.7318772537993647,5.30627323333465,0.25165059993923017
