feature_group,model,RMSE_mean,RMSE_std,MAE_mean,MAE_std,MAPE_mean,MAPE_std,R2_mean,R2_std,elapsed_time_mean,elapsed_time_std
all_areas,BASELINE,320.1208842803624,56.78973534269668,243.17591948437496,39.28215786462048,3191535282793758.0,4508537575356231.0,-0.1670175085434669,0.3767700728088954,0.0116764666648426,0.0058195700702915
all_areas,LGBM,284.0623857675054,39.48595193798805,228.6050370505459,34.12065760669802,1.5243775746090418e+16,1.6712516454919114e+16,0.0910362450072065,0.2378206157582913,78.32340423333517,1.9131704215234493
all_areas,ARIMA,244.3101412572798,48.583711943270984,191.84370601239317,44.201114990328676,1.2819967544204862e+16,1.2803277333421666e+16,0.3293742830802356,0.3165334689327233,193.70037998260833,3.2606611997944377
all_areas,NEURALPROPHET,264.0294686894036,69.25597031577071,217.42771383294337,60.11254914236401,1.055411738713212e+16,1.2579011434709478e+16,0.1520335500182917,0.5016298020563389,145.16242513333418,0.1143974898690806
all_areas,TimeGPT,395.23514114476166,117.56544226514204,347.11896874826385,117.88702041884106,3.242776629491477e+16,3.4909777781426444e+16,-0.9503242495854504,1.131961856726989,8.058905600000193,2.3292190329144606
