feature_group,model,RMSE_mean,RMSE_std,MAE_mean,MAE_std,MAPE_mean,MAPE_std,R2_mean,R2_std,elapsed_time_mean,elapsed_time_std
all_areas,BASELINE,320.12088428036236,56.78973534269668,243.17591948437496,39.28215786462048,3191535282793758.0,4508537575356231.0,-0.16701750854346695,0.3767700728088954,0.01202010000027561,0.005490089506980077
all_areas,LGBM,216.0541942273145,27.174082702114823,170.28282425748793,22.529431234893206,2.2638538671719388e+16,2.8323531001214564e+16,0.4707673406147436,0.15481835458126497,82.9633986333356,0.20013913065751762
all_areas,NEURALPROPHET,297.84579689715497,49.06522502957589,242.16904734662884,38.513156131712925,1.104161192344151e+16,1.4033454158702196e+16,-0.007202998947900663,0.3089365205499182,178.45211166667286,0.14641024415149428
all_areas,TimeGPT,515.7610596301882,151.20544900850268,456.3076309600694,159.61996760004737,4.7593759543449944e+16,5.152261047905478e+16,-2.305154828220808,1.7458224708867853,9.716809599999882,6.088338077154247
