feature_group,model,RMSE_mean,RMSE_std,MAE_mean,MAE_std,MAPE_mean,MAPE_std,R2_mean,R2_std,elapsed_time_mean,elapsed_time_std
all_areas,BASELINE,320.12088428036236,56.78973534269668,243.17591948437496,39.28215786462048,3191535282793758.0,4508537575356231.0,-0.16701750854346695,0.3767700728088954,0.014630133329774253,0.009141079840906412
all_areas,LGBM,234.39579137668434,37.16705050607142,186.59696743659376,31.03988462579798,1.409033017529932e+16,1.721292131777741e+16,0.3745990635956846,0.1991409688900284,75.72260803333484,1.4125530377956077
all_areas,ARIMA,219.4051910270541,38.1621361456581,173.5800274300182,36.68695987873632,1.335049649628869e+16,1.3120418634081594e+16,0.443220852870539,0.22254679891555398,363.255146766666,18.045037359936384
all_areas,NEURALPROPHET,291.3453422902966,53.087378358470296,234.1189549843784,42.6278607081914,1.0802390596379634e+16,1.4730235589779726e+16,0.018785331270578316,0.38847635945825504,137.6569413666657,1.9005089374309028
all_areas,TimeGPT,527.5255317916199,159.3891314957854,468.9999252760417,168.59606035429334,4.861069689018317e+16,5.2330451619808536e+16,-2.4745835863571783,1.8436729954168678,9.121912300002199,1.9026775038629473
