feature_group,model,RMSE_mean,RMSE_std,MAE_mean,MAE_std,MAPE_mean,MAPE_std,R2_mean,R2_std,elapsed_time_mean,elapsed_time_std
all_areas,BASELINE,320.1208842803624,56.78973534269668,243.17591948437496,39.28215786462048,3191535282793758.0,4508537575356231.0,-0.1670175085434669,0.3767700728088954,0.0146085333302229,0.0052270135570088
all_areas,LGBM,239.0566838005176,31.59589513820745,189.0598647509092,30.14883018064528,1.965004227067281e+16,2.7248283580658576e+16,0.3522136616356996,0.1898868631624112,85.97374943333368,1.9978765384395816
all_areas,ARIMA,213.5974303589699,30.30015857432863,161.37885703818986,26.976563053991537,1.1113277124727118e+16,1.0552093479189866e+16,0.49290596949572274,0.17192287074689985,1419.4297357598655,-17.687409126654455
all_areas,NEURALPROPHET,291.24345868999734,33.031824731972286,231.23360013141885,27.57411041694342,6140832570671196.0,8277509377004962.0,0.0499479231714943,0.208339637900611,193.51903906666848,0.3896260462600853
all_areas,TimeGPT,527.0415137619566,158.68399005158247,466.7942825364583,169.13444219785407,4.926169135625715e+16,5.409618053169115e+16,-2.4725822012149523,1.9314550524053136,5.3369087333364105,0.2101859324294027
