feature_group,model,RMSE_mean,RMSE_std,MAE_mean,MAE_std,MAPE_mean,MAPE_std,R2_mean,R2_std,elapsed_time_mean,elapsed_time_std
all_areas,BASELINE,320.12088428036236,56.78973534269668,243.17591948437496,39.28215786462048,3191535282793758.0,4508537575356231.0,-0.16701750854346695,0.3767700728088954,0.012168000001111068,0.004957552843108464
all_areas,LGBM,222.7220002980338,43.476107584036626,176.15133966733728,38.46684227363437,2.123436522878475e+16,2.7328570324236e+16,0.4231357848464074,0.24372412351616224,87.30143996667175,5.890804579460462
all_areas,NEURALPROPHET,309.12873554653146,50.15292374661591,247.7951467731493,35.55702038348445,4871371950304006.0,6182199301875274.0,-0.093265936535698,0.37714764501903564,185.25375183333622,2.6645468424359335
all_areas,TimeGPT,525.177628232425,143.0733024566394,463.5532850572917,155.04918694911782,4.772512915364288e+16,5.128498833615106e+16,-2.381110470785857,1.6737052112560442,6.305480766667945,1.1161628779732695
