feature_group,model,RMSE_mean,RMSE_std,MAE_mean,MAE_std,MAPE_mean,MAPE_std,R2_mean,R2_std,elapsed_time_mean,elapsed_time_std
all_areas,BASELINE,320.12088428036236,56.78973534269668,243.17591948437496,39.28215786462048,3191535282793758.0,4508537575356231.0,-0.16701750854346695,0.3767700728088954,0.016125199998593114,0.005964572868197272
all_areas,LGBM,250.27207403971457,18.939899807058907,204.51449802625038,14.156671743347047,1.6097575075603914e+16,2.2076468221035744e+16,0.3005043615706311,0.12549556128399905,80.86149246666658,2.7003743104404765
all_areas,NEURALPROPHET,288.49193483011055,49.697131437155456,231.01697224216036,40.67368908212873,8105228921121525.0,1.0891420342780134e+16,0.05516272322568261,0.29202228707438016,152.654444433334,0.5282915612401443
all_areas,TimeGPT,440.2337251152062,132.99801604928447,375.90246334895835,141.63857939583337,1.1830852544486068e+16,1.1830852544485894e+16,-1.322955222658634,1.3674099485855487,9.922469049994106,0.3696846499988169
