feature_group,model,RMSE_mean,RMSE_std,MAE_mean,MAE_std,MAPE_mean,MAPE_std,R2_mean,R2_std,elapsed_time_mean,elapsed_time_std
all_areas,BASELINE,320.12088428036236,56.78973534269668,243.17591948437496,39.28215786462048,3191535282793758.0,4508537575356231.0,-0.16701750854346695,0.3767700728088954,0.01009843333546693,0.002305995024554522
all_areas,LGBM,210.94319424175123,38.59641674139762,165.15227186821514,31.010751557457073,4275035697727716.0,5617762935581450.0,0.4955626327695744,0.15784622293768888,79.83232610000414,0.9969889131196046
all_areas,NEURALPROPHET,287.9031296856621,63.15501354798286,235.25740745214333,52.814824641624035,9156131779306490.0,1.1857622696661376e+16,0.01197513021910738,0.4929236669925995,155.1618936333301,0.6095145976641786
all_areas,TimeGPT,503.97217313727975,130.55285946176255,441.5281400052084,142.05045382561184,4.6474074213155624e+16,5.058495596959564e+16,-2.0948709480661916,1.5492833503670342,5.434742066664815,0.27058726710519737
