feature_group,model,RMSE_mean,RMSE_std,MAE_mean,MAE_std,MAPE_mean,MAPE_std,R2_mean,R2_std,elapsed_time_mean,elapsed_time_std
all_areas,BASELINE,320.12088428036236,56.78973534269668,243.17591948437496,39.28215786462048,3191535282793758.0,4508537575356231.0,-0.16701750854346695,0.3767700728088954,0.01584319999771348,0.004825355447308529
all_areas,LGBM,246.60562491737355,40.71092921389517,195.61723964361786,25.567451755794668,8976903461688636.0,9941430049097702.0,0.3014274425800685,0.25578173573177326,80.16105399999651,2.0090966884374812
all_areas,NEURALPROPHET,312.19496492296844,70.52169373201215,255.39778962326898,64.85192993495431,1.027050638001959e+16,1.3139022896796616e+16,-0.1498284474512882,0.5505381570191935,161.16262713333222,0.17507968281894767
all_areas,TimeGPT,486.29129233742907,134.61692039643458,425.67816552951393,142.92806708298266,4.570320964068724e+16,4.975589389400149e+16,-1.9122585457044112,1.5321066820111036,5.190149633330293,0.09951916026972062
