feature_group,model,RMSE_mean,RMSE_std,MAE_mean,MAE_std,MAPE_mean,MAPE_std,R2_mean,R2_std,elapsed_time_mean,elapsed_time_std
all_areas,BASELINE,320.12088428036236,56.78973534269668,243.17591948437496,39.28215786462048,3191535282793758.0,4508537575356231.0,-0.16701750854346695,0.3767700728088954,0.00985686666778444,0.0038647281221473348
all_areas,LGBM,237.1691729319884,19.644493889355186,187.8335452236004,12.554933577356463,2.3934600930534052e+16,2.7104136072488704e+16,0.3705655569513826,0.12412419045724575,85.84939246666909,1.3292364427118644
all_areas,NEURALPROPHET,276.88531409969386,63.865862244110964,227.29781101749336,55.65398129434466,1.1981241007530998e+16,1.3510661039627664e+16,0.08693722146838227,0.4760434474919202,205.4432726666661,1.0625902175753483
all_areas,TimeGPT,505.66401409662717,149.62246718932022,443.53427526215273,158.4916477047956,4.858962137311447e+16,5.3666963124246936e+16,-2.1881499849474815,1.803832804752022,5.446689333325291,0.2628346228512959
