feature_group,model,RMSE_mean,RMSE_std,MAE_mean,MAE_std,MAPE_mean,MAPE_std,R2_mean,R2_std,elapsed_time_mean,elapsed_time_std
all_areas,BASELINE,320.12088428036236,56.78973534269668,243.17591948437496,39.28215786462048,3191535282793758.0,4508537575356231.0,-0.16701750854346695,0.3767700728088954,0.013576833317832401,0.007323167265272336
all_areas,LGBM,234.29745181473126,23.680688877238964,187.78333858411497,14.374873720991284,1.2720297549666694e+16,1.1181412945770116e+16,0.3908195113270397,0.09713864809091532,75.17704466665357,0.9414847654828539
all_areas,ARIMA,222.26191028254274,36.551188140234345,177.1551225347266,32.61151389334236,1.337030728265632e+16,1.3781002675730812e+16,0.431590216553075,0.2129175507431456,171.77789493333935,22.022465189646976
all_areas,NEURALPROPHET,258.63254408881556,56.40883509704034,209.41614027324422,46.93482156747161,8213008500712431.0,1.0118466510802192e+16,0.20641385974909013,0.4002600969904774,141.52557209999455,14.618210147487762
all_areas,TimeGPT,467.71946327207496,132.4947361295949,411.53274595659724,134.79686314328598,4.0671767104553144e+16,4.201864848264781e+16,-1.6865924961359127,1.3442234148124594,5.6206986999992905,1.225248310547278
