feature_group,model,RMSE_mean,RMSE_std,MAE_mean,MAE_std,MAPE_mean,MAPE_std,R2_mean,R2_std,elapsed_time_mean,elapsed_time_std
all_areas,BASELINE,320.12088428036236,56.78973534269668,243.17591948437496,39.28215786462048,3191535282793758.0,4508537575356231.0,-0.16701750854346695,0.3767700728088954,0.012500100002701705,0.005248448120773926
all_areas,LGBM,215.91449746995738,27.214170581851942,175.50623827980408,21.13952156043388,1.815035647255731e+16,2.2191435379544748e+16,0.47925193711425057,0.11230676970696013,83.15679516666569,0.6618256701356073
all_areas,NEURALPROPHET,308.11105300130777,65.2169303034861,252.62503837501527,55.538263033430056,7862260235093884.0,1.0620735886635834e+16,-0.09464788568748266,0.4114689062751687,181.23913923333748,0.5808792126754216
all_areas,TimeGPT,520.683506982407,146.38394397039747,460.51742454687496,156.65323990049237,4.72084934056395e+16,5.0627545946190856e+16,-2.3389301801755384,1.6740955069440668,6.351451999997759,1.397743401656319
