feature_group,model,RMSE_mean,RMSE_std,MAE_mean,MAE_std,MAPE_mean,MAPE_std,R2_mean,R2_std,elapsed_time_mean,elapsed_time_std
all_areas,BASELINE,320.1208842803624,56.78973534269668,243.17591948437496,39.28215786462048,3191535282793758.0,4508537575356231.0,-0.1670175085434669,0.3767700728088954,0.0125001000027017,0.0052484481207739
all_areas,LGBM,215.91449746995735,27.214170581851945,175.50623827980408,21.13952156043388,1.815035647255731e+16,2.2191435379544748e+16,0.4792519371142505,0.1123067697069601,83.15679516666569,0.6618256701356073
all_areas,ARIMA,220.92749407098805,37.38064980195664,172.9834271591027,36.00679375208249,1.4786568724178852e+16,1.5250848775988518e+16,0.47669697310153175,0.20706822991768004,1114.7803411880693,48.541278553865936
all_areas,NEURALPROPHET,308.11105300130777,65.2169303034861,252.6250383750153,55.538263033430056,7862260235093885.0,1.0620735886635834e+16,-0.0946478856874826,0.4114689062751687,181.23913923333748,0.5808792126754216
all_areas,TimeGPT,520.683506982407,146.38394397039747,460.51742454687496,156.65323990049237,4.72084934056395e+16,5.0627545946190856e+16,-2.3389301801755384,1.6740955069440668,6.351451999997759,1.397743401656319
