feature_group,model,RMSE_mean,RMSE_std,MAE_mean,MAE_std,MAPE_mean,MAPE_std,R2_mean,R2_std,elapsed_time_mean,elapsed_time_std
all_areas,BASELINE,320.12088428036236,56.78973534269668,243.17591948437496,39.28215786462048,3191535282793758.0,4508537575356231.0,-0.16701750854346695,0.3767700728088954,0.014560733332473319,0.0037860543389011594
all_areas,LGBM,254.85014312621763,62.59604893161274,200.050878911234,49.2102308340263,1.0739361756327338e+16,1.4016866447509052e+16,0.23688485606517662,0.3364885661113065,77.34428403333732,1.9152830249766584
all_areas,NEURALPROPHET,305.39081389901753,61.873226263760344,248.17199249082435,48.57556680039364,8631961085600741.0,1.0472296344565108e+16,-0.06928802465859896,0.37961847994102443,149.06119789999744,0.6144464761862029
all_areas,TimeGPT,447.1437586487547,66.51440008136822,381.1412719600694,73.46698280943231,3.811067484589636e+16,3.9921411473391864e+16,-1.3039920505445621,0.7428538112011513,6.184523133333035,0.5849124307036675
