feature_group,model,RMSE_mean,RMSE_std,MAE_mean,MAE_std,MAPE_mean,MAPE_std,R2_mean,R2_std,elapsed_time_mean,elapsed_time_std
all_areas,BASELINE,320.12088428036236,56.78973534269668,243.17591948437496,39.28215786462048,3191535282793758.0,4508537575356231.0,-0.16701750854346695,0.3767700728088954,0.008119066663008804,0.0005832256903130884
all_areas,LGBM,231.9717233588674,34.99009817910082,185.91584368411353,29.066204997519964,1.767050300366685e+16,1.742319136323909e+16,0.38733795987344427,0.19570987101132475,84.01210249999713,3.7799235940948495
all_areas,NEURALPROPHET,308.42274875306947,102.45833152382313,251.102398601376,89.20444820082812,2.8512408352733536e+16,3.713567829016205e+16,-0.20893346640829383,0.8691653932074165,178.3018253666669,18.511979139230007
all_areas,TimeGPT,526.247961638319,144.32529345531344,464.05880636631946,156.26314095147825,4.851966029852809e+16,5.295818324437135e+16,-2.4035234331985476,1.748416397159088,5.143271466673468,0.1448076210874108
