feature_group,model,RMSE_mean,RMSE_std,MAE_mean,MAE_std,MAPE_mean,MAPE_std,R2_mean,R2_std,elapsed_time_mean,elapsed_time_std
all_areas,BASELINE,320.12088428036236,56.78973534269668,243.17591948437496,39.28215786462048,3191535282793758.0,4508537575356231.0,-0.16701750854346695,0.3767700728088954,0.008256233336093525,0.0008053121396751216
all_areas,LGBM,234.36113870579132,38.811778429194455,186.4882163606907,31.605208597054375,2.2672189010521988e+16,2.314949396885957e+16,0.3819361165000211,0.17277978308185168,79.18022083333442,1.104377254385122
all_areas,NEURALPROPHET,294.70446605131656,57.50807969092115,240.21396467541163,45.681986274575614,4862344644875692.0,4543008537284784.0,-0.014548243705934586,0.450919256852428,151.55621659999937,1.7060663551135933
all_areas,TimeGPT,469.52388252795953,130.78726786963017,413.7621654010416,132.00652756585419,4.2646149950629464e+16,4.5152149704755256e+16,-1.7079078737956017,1.337321628605449,10.789339733334296,5.552561319816771
