feature_group,model,RMSE_mean,RMSE_std,MAE_mean,MAE_std,MAPE_mean,MAPE_std,R2_mean,R2_std,elapsed_time_mean,elapsed_time_std
all_areas,BASELINE,320.12088428036236,56.78973534269668,243.17591948437496,39.28215786462048,3191535282793758.0,4508537575356231.0,-0.16701750854346695,0.3767700728088954,0.015340000002955398,0.007821564657895514
all_areas,LGBM,219.71752294547426,41.61461650497956,174.78211505619709,33.35154796154309,1.8155708179795336e+16,2.0780896581732628e+16,0.44881239405967505,0.1854174986208956,82.41861329999908,1.1436595021493423
all_areas,ARIMA,219.61332126257864,35.183802711016206,172.88318949008053,33.09542692117639,1.4317992903330776e+16,1.4510356210537894e+16,0.44490801091215415,0.20819846870480566,413.6403994333329,20.212895512932796
all_areas,NEURALPROPHET,289.4527133581795,54.41180672539536,234.0182069227176,43.518154704869005,7907537780328299.0,1.0179246712596732e+16,0.0382453031667855,0.3443885070272832,169.22421549999854,0.6197964953929993
all_areas,TimeGPT,528.8470749122456,165.1652360442867,471.6612650989584,171.55846002215767,4.912397081052721e+16,5.313536744107526e+16,-2.517201608873346,1.9310911391827512,14.188946966654234,5.6449327475311515
