feature_group,model,RMSE_mean,RMSE_std,MAE_mean,MAE_std,MAPE_mean,MAPE_std,R2_mean,R2_std,elapsed_time_mean,elapsed_time_std
all_areas,BASELINE,320.12088428036236,56.78973534269668,243.17591948437496,39.28215786462048,3191535282793758.0,4508537575356231.0,-0.16701750854346695,0.3767700728088954,0.008389999992990246,0.0010897567705422109
all_areas,LGBM,229.02944995128678,50.017311520196664,180.40941442051846,42.35543276796591,1.1492677484890174e+16,1.4009692200348442e+16,0.3857635451654818,0.2732566573860028,86.51537283333407,0.8099099098349447
all_areas,NEURALPROPHET,322.590079573467,74.93146354537899,264.5701680787709,62.61772289459,9580743222216570.0,1.1809847597354986e+16,-0.21022404202927236,0.4914510230263733,209.45849476666385,3.6996332454770053
all_areas,TimeGPT,494.65044333213046,147.86184203552025,436.10938651215275,152.9900472686275,4.7659725628054376e+16,5.223028179589362e+16,-2.0550071115153647,1.6983933549943226,9.57429716666229,5.98395580225799
