feature_group,model,RMSE_mean,RMSE_std,MAE_mean,MAE_std,MAPE_mean,MAPE_std,R2_mean,R2_std,elapsed_time_mean,elapsed_time_std
all_areas,BASELINE,320.12088428036236,56.78973534269668,243.17591948437496,39.28215786462048,3191535282793758.0,4508537575356231.0,-0.16701750854346695,0.3767700728088954,0.012098633330121325,0.002371206612501272
all_areas,LGBM,228.6063707823156,31.502494388578672,182.32525767793,23.11447546799971,1.3538727907205736e+16,1.6569418205811372e+16,0.4141582430372033,0.14063167636653087,84.81947640000726,1.6200730828839698
all_areas,NEURALPROPHET,292.79221049340373,59.31710871478432,237.59528858488804,47.45817843416675,1.213237518005416e+16,1.5854321048803672e+16,-0.0018479026634194613,0.445400733162795,201.5579781000027,0.4134601880036509
all_areas,TimeGPT,539.6975311143584,174.4166441210506,482.1133080677084,181.94222528251365,5.115414207517508e+16,5.589392928008548e+16,-2.6923606340046184,2.1181423443830663,15.176213266662671,6.8761357844605895
