feature_group,model,RMSE_mean,RMSE_std,MAE_mean,MAE_std,MAPE_mean,MAPE_std,R2_mean,R2_std,elapsed_time_mean,elapsed_time_std
all_areas,BASELINE,320.1208842803624,56.78973534269668,243.17591948437496,39.28215786462048,3191535282793758.0,4508537575356231.0,-0.1670175085434669,0.3767700728088954,0.0161251999985931,0.0059645728681972
all_areas,LGBM,250.27207403971457,18.939899807058907,204.5144980262504,14.156671743347047,1.6097575075603914e+16,2.2076468221035744e+16,0.3005043615706311,0.125495561283999,80.86149246666658,2.7003743104404765
all_areas,ARIMA,234.6858624818885,43.84431207474046,176.33917536047412,38.10834480708623,1.6571635727019832e+16,1.7621666069474458e+16,0.4086122285469382,0.28254639389390085,479.9971235058954,19.41220640740461
all_areas,NEURALPROPHET,288.4919348301105,49.697131437155456,231.0169722421604,40.67368908212873,8105228921121525.0,1.0891420342780134e+16,0.0551627232256826,0.2920222870743801,152.654444433334,0.5282915612401443
all_areas,TimeGPT,440.2337251152062,132.99801604928447,375.9024633489584,141.63857939583335,1.1830852544486068e+16,1.1830852544485894e+16,-1.322955222658634,1.3674099485855489,9.922469049994106,0.3696846499988169
