feature_group,model,RMSE_mean,RMSE_std,MAE_mean,MAE_std,MAPE_mean,MAPE_std,R2_mean,R2_std,elapsed_time_mean,elapsed_time_std
all_areas,BASELINE,320.12088428036236,56.78973534269668,243.17591948437496,39.28215786462048,3191535282793758.0,4508537575356231.0,-0.16701750854346695,0.3767700728088954,0.009836533325142227,0.002354146731888896
all_areas,LGBM,193.07225729521323,32.908880608724395,151.72689969786674,23.21057056078336,4909434415335101.0,5298968576777557.0,0.5744299254399946,0.1417989633726276,80.2053496333295,2.4262333086608923
all_areas,NEURALPROPHET,270.9181519822676,55.615863659596116,217.8339086608022,45.4421160219531,7830930596153225.0,8271806112423183.0,0.133355601393121,0.41616857365649135,158.16175093333004,0.43286467959928954
all_areas,TimeGPT,485.7319134902707,135.6344731872275,421.2668278246528,146.46717732497933,4.690623173646124e+16,5.213740984896403e+16,-1.9128937450558954,1.6517932266195645,5.887702766665218,1.0048729514316994
