feature_group,model,RMSE_mean,RMSE_std,MAE_mean,MAE_std,MAPE_mean,MAPE_std,R2_mean,R2_std,elapsed_time_mean,elapsed_time_std
all_areas,BASELINE,320.12088428036236,56.78973534269668,243.17591948437496,39.28215786462048,3191535282793758.0,4508537575356231.0,-0.16701750854346695,0.3767700728088954,0.013598733329369376,0.00524694333186292
all_areas,LGBM,241.71876383401863,50.759512972379575,193.96123975501186,43.72498036863059,1.3627178576142442e+16,1.832799435440403e+16,0.32178139881363216,0.27452695190864024,80.7963756333241,0.7512971860292472
all_areas,ARIMA,219.20415549300003,35.772128650483026,173.73814938966802,32.5454017982689,1.2986672778349606e+16,1.2768298267577914e+16,0.4475547891665532,0.20478620269273345,325.58777776667074,22.21954535492496
all_areas,NEURALPROPHET,270.15055244381324,54.121236282997494,217.96055999252826,45.500055218961535,8192933584961643.0,1.1394542168770658e+16,0.14033983355391896,0.40428249360341706,163.79418526667482,0.4358709589991433
all_areas,TimeGPT,510.1511897721636,158.0957980965631,454.47826467534725,162.50299561037485,4.571492713121773e+16,4.81339448353706e+16,-2.253928105828544,1.7122637145694959,10.756571166673288,6.508902548087101
