feature_group,model,RMSE_mean,RMSE_std,MAE_mean,MAE_std,MAPE_mean,MAPE_std,R2_mean,R2_std,elapsed_time_mean,elapsed_time_std
all_areas,BASELINE,320.12088428036236,56.78973534269668,243.17591948437496,39.28215786462048,3191535282793758.0,4508537575356231.0,-0.16701750854346695,0.3767700728088954,0.015126433330199992,0.007178207703419926
all_areas,LGBM,229.4241026161371,42.683888544828605,184.11747597930886,35.169311429354444,2.4760977856631084e+16,3.2488443585784884e+16,0.39348005021561966,0.22908936856714096,80.97073069999654,2.6174772585250605
all_areas,ARIMA,221.040882554012,36.518426350694966,174.32340800003692,34.2723480066094,1.2613985121854776e+16,1.211986216990887e+16,0.43648865078017135,0.21726423088056485,395.2803175000008,17.827405267424428
all_areas,NEURALPROPHET,292.67900812713646,84.1382695754319,238.30696008395554,68.1987096830302,8564952198895067.0,9498984039450940.0,-0.05719942565650604,0.6744896356902643,166.63308249999923,0.9521906529518339
all_areas,TimeGPT,502.1092896308068,145.25674110682598,444.24034854687505,152.07108064333318,4.610537491059944e+16,4.910815610057997e+16,-2.121540227496398,1.6017077785678662,6.741396733336539,2.2256738800016342
