feature_group,model,RMSE_mean,RMSE_std,MAE_mean,MAE_std,MAPE_mean,MAPE_std,R2_mean,R2_std,elapsed_time_mean,elapsed_time_std
all_areas,BASELINE,320.12088428036236,56.78973534269668,243.17591948437496,39.28215786462048,3191535282793758.0,4508537575356231.0,-0.16701750854346695,0.3767700728088954,0.016867299998314895,0.007154045986483723
all_areas,LGBM,289.2426593229672,32.90261749317727,226.93969268727358,24.047321486549485,1.0916461779791398e+16,8060152599533100.0,0.05824410780939852,0.23404409051367353,75.91811853333395,1.0444141667807851
all_areas,NEURALPROPHET,318.9920076266353,25.953043666043552,261.44673548411896,18.18223773778424,8674069422189304.0,1.0410586171314538e+16,-0.13664483214469517,0.20975414930863348,147.25898856666512,2.547161349600929
all_areas,TimeGPT,348.05492389148566,80.04561229781176,285.8798210121528,83.01021906767892,2.8566287165852492e+16,3.149237080714963e+16,-0.45204611981359005,0.7555135270890684,10.857998066666672,6.1579366472286114
