feature_group,model,RMSE_mean,RMSE_std,MAE_mean,MAE_std,MAPE_mean,MAPE_std,R2_mean,R2_std,elapsed_time_mean,elapsed_time_std
all_areas,BASELINE,320.12088428036236,56.78973534269668,243.17591948437496,39.28215786462048,3191535282793758.0,4508537575356231.0,-0.16701750854346695,0.3767700728088954,0.011676466664842641,0.005819570070291543
all_areas,LGBM,284.0623857675054,39.48595193798805,228.6050370505459,34.12065760669802,1.5243775746090418e+16,1.6712516454919114e+16,0.09103624500720657,0.2378206157582913,78.32340423333517,1.9131704215234495
all_areas,NEURALPROPHET,264.0294686894036,69.25597031577071,217.42771383294337,60.11254914236401,1.055411738713212e+16,1.2579011434709478e+16,0.1520335500182917,0.5016298020563389,145.16242513333418,0.11439748986908069
all_areas,TimeGPT,395.23514114476166,117.56544226514205,347.11896874826385,117.88702041884106,3.2427766294914772e+16,3.4909777781426444e+16,-0.9503242495854503,1.131961856726989,8.058905600000193,2.3292190329144606
