feature_group,model,RMSE_mean,RMSE_std,MAE_mean,MAE_std,MAPE_mean,MAPE_std,R2_mean,R2_std,elapsed_time_mean,elapsed_time_std
all_areas,BASELINE,320.1208842803624,56.78973534269668,243.17591948437496,39.28215786462048,3191535282793758.0,4508537575356231.0,-0.1670175085434669,0.3767700728088954,0.0129193333365644,0.003280152374866
all_areas,LGBM,229.06148315767004,24.529190934980747,184.93438556833647,16.60229996147138,1.746458755506109e+16,1.9298439574452184e+16,0.4136132640606211,0.1190562486591996,84.63261039999877,1.167696837419724
all_areas,ARIMA,210.58503122820042,30.77323901308646,170.51012184434524,27.26001277508598,1.1146463446529974e+16,1.0746255622804486e+16,0.4957141189999742,0.16528075868577402,1398.3166187399831,-22.124933340009928
all_areas,NEURALPROPHET,289.247146281815,40.40746241646161,229.2123763569302,30.01373179205228,1.2372823674716272e+16,1.5238704363614374e+16,0.0433008934402883,0.3238989051129752,195.03020970000455,1.8616750488799163
all_areas,TimeGPT,519.2625322015487,147.25919149994317,456.9800333177083,158.11578285776173,4.876031577411616e+16,5.349779583545568e+16,-2.334638608917897,1.7914519374657765,5.58360316666464,0.4013213484617635
