feature_group,model,RMSE_mean,RMSE_std,MAE_mean,MAE_std,MAPE_mean,MAPE_std,R2_mean,R2_std,elapsed_time_mean,elapsed_time_std
all_areas,BASELINE,320.12088428036236,56.78973534269668,243.17591948437496,39.28215786462048,3191535282793758.0,4508537575356231.0,-0.16701750854346695,0.3767700728088954,0.007183000003957811,0.0003721222346555672
all_areas,LGBM,252.62046497592777,32.67230144590716,202.47779110317833,26.075394225816343,2.2657057688989076e+16,2.5334448994279092e+16,0.2785421459245963,0.2003521773169526,81.49377233333264,2.2251472388978213
all_areas,NEURALPROPHET,325.1992936389882,142.1914299537717,266.4010753537479,119.4978576501735,3.2203285635239628e+16,4.280581291528583e+16,-0.45655181273583034,1.2989758144644417,163.82367086667122,0.12288415192049994
all_areas,TimeGPT,509.472305677949,144.99686886444533,449.0718040295139,155.1610223111068,4.735055578107271e+16,5.1648986651922296e+16,-2.210217728319435,1.693527176092128,14.308052633336047,6.709642323783063
