feature_group,model,RMSE_mean,RMSE_std,MAE_mean,MAE_std,MAPE_mean,MAPE_std,R2_mean,R2_std,elapsed_time_mean,elapsed_time_std
all_areas,BASELINE,320.12088428036236,56.78973534269668,243.17591948437496,39.28215786462048,3191535282793758.0,4508537575356231.0,-0.16701750854346695,0.3767700728088954,0.010248233336218012,0.0018555058311365954
all_areas,LGBM,238.04123017738087,23.609849948802257,185.69917768565037,24.69647516086586,3687942871834708.5,4104616707207173.5,0.371382532314718,0.10141743079333014,79.67887923333183,3.1205140402271985
all_areas,NEURALPROPHET,325.56950676778376,109.18718467553776,267.05841288561334,92.17467630638171,2.8301217652510388e+16,3.4994648079929748e+16,-0.34185090125882645,0.9398856329034876,147.97389499999795,0.6441113696959905
all_areas,TimeGPT,437.5587567801647,122.23276872189071,381.7982878524306,121.15303001008544,4.0759259769876456e+16,4.383046213904616e+16,-1.3603427092475673,1.229566987444944,6.968007666667593,0.24102682595904368
