feature_group,model,RMSE_mean,RMSE_std,MAE_mean,MAE_std,MAPE_mean,MAPE_std,R2_mean,R2_std,elapsed_time_mean,elapsed_time_std
all_areas,BASELINE,320.12088428036236,56.78973534269668,243.17591948437496,39.28215786462048,3191535282793758.0,4508537575356231.0,-0.16701750854346695,0.3767700728088954,0.012893933337181807,0.008109398450184095
all_areas,LGBM,217.62837267284044,46.44710170589134,171.3241578230494,35.68180770138926,1.3833831234309546e+16,1.6554787233127322e+16,0.4527081829698332,0.2100150069236212,82.90867286666374,0.8160396170985551
all_areas,NEURALPROPHET,310.07531499363625,44.37139574025283,249.5479262759213,36.212458946998055,1.1142329145142026e+16,1.537492496869096e+16,-0.08989421576176153,0.3216822968145168,185.34724003333153,1.3183458265756776
all_areas,TimeGPT,505.4023096273877,131.26106988326524,442.8599308315972,142.14526525555885,4.595682078395337e+16,4.931189228760398e+16,-2.1087928205786803,1.4958119008325097,14.27891510000336,12.014650051705326
