feature_group,model,RMSE_mean,RMSE_std,MAE_mean,MAE_std,MAPE_mean,MAPE_std,R2_mean,R2_std,elapsed_time_mean,elapsed_time_std
all_areas,BASELINE,320.12088428036236,56.78973534269668,243.17591948437496,39.28215786462048,3191535282793758.0,4508537575356231.0,-0.16701750854346695,0.3767700728088954,0.013796966666025886,0.007372579051270725
all_areas,LGBM,212.97107270921194,48.63555817616829,167.0792380541087,37.61595437720476,1.047159173398717e+16,1.1116803485445882e+16,0.46767514868573407,0.2388011479135704,85.9462723000009,0.5072121755209656
all_areas,ARIMA,213.24543655261573,44.67522389887481,174.1532524317324,28.522829124363284,1.4837845083303896e+16,1.527420476757909e+16,0.4573768768388348,0.20183537939815296,417.33633993333206,47.37456233347207
all_areas,NEURALPROPHET,325.24654243553056,41.27069490996236,259.4330088855473,35.054547877804424,1.2389002577910978e+16,1.511768850153447e+16,-0.18358606219041998,0.26411057290921064,192.88498080000136,0.3743477779119254
all_areas,TimeGPT,526.2527315661187,147.9452227854954,464.5519436857639,159.00564606412428,4.828234733828844e+16,5.1969945465024056e+16,-2.4132240156805262,1.7293498906534475,6.9054853333315505,0.11560860865286916
