feature_group,model,RMSE_mean,RMSE_std,MAE_mean,MAE_std,MAPE_mean,MAPE_std,R2_mean,R2_std,elapsed_time_mean,elapsed_time_std
all_areas,BASELINE,320.12088428036236,56.78973534269668,243.17591948437496,39.28215786462048,3191535282793758.0,4508537575356231.0,-0.16701750854346695,0.3767700728088954,0.014027666659482444,0.007721552645377799
all_areas,LGBM,214.62319487871696,24.064594204754588,171.20053252571878,20.952473302424927,1.3196914861143878e+16,1.3349675635562366e+16,0.4867060885902898,0.0983828292927848,80.78544966666959,2.493729157889044
all_areas,ARIMA,219.54298603818282,36.41649699788403,173.57497403662055,32.89577372427975,1.0449029281407378e+16,9134800189695710.0,0.44362119727282817,0.21662378076370234,170.73011573333255,9.867461187396858
all_areas,NEURALPROPHET,271.3454104562736,50.410196126270094,218.06199346210397,41.619592446652334,7136570868906304.0,9146788678763880.0,0.13717549828407063,0.37652128253884315,131.36892673332477,12.452992793525228
all_areas,TimeGPT,515.3469164826961,157.49138842809708,458.8760242413194,165.81797540575567,4.5556638896189544e+16,4.849026162505703e+16,-2.3170393376990988,1.7365778085525394,6.530762300011702,1.4295871077687854
