feature_group,model,RMSE_mean,RMSE_std,MAE_mean,MAE_std,MAPE_mean,MAPE_std,R2_mean,R2_std,elapsed_time_mean,elapsed_time_std
all_areas,BASELINE,320.1208842803624,56.78973534269668,243.17591948437496,39.28215786462048,3191535282793758.0,4508537575356231.0,-0.1670175085434669,0.3767700728088954,0.0145607333324733,0.0037860543389011
all_areas,LGBM,254.85014312621763,62.59604893161274,200.050878911234,49.2102308340263,1.0739361756327338e+16,1.4016866447509052e+16,0.2368848560651766,0.3364885661113065,77.34428403333732,1.9152830249766584
all_areas,ARIMA,221.35180775352902,45.3735928385327,181.49756188911044,38.7328046008562,1.6264010889254576e+16,1.7934889710910244e+16,0.3882494554563982,0.2805774137590138,353.1791766924268,12.909051690430605
all_areas,NEURALPROPHET,305.3908138990176,61.87322626376034,248.17199249082435,48.57556680039364,8631961085600741.0,1.0472296344565108e+16,-0.0692880246585989,0.3796184799410244,149.06119789999744,0.6144464761862029
all_areas,TimeGPT,447.1437586487547,66.51440008136822,381.1412719600694,73.46698280943231,3.811067484589636e+16,3.992141147339186e+16,-1.303992050544562,0.7428538112011513,6.184523133333035,0.5849124307036675
