feature_group,model,RMSE_mean,RMSE_std,MAE_mean,MAE_std,MAPE_mean,MAPE_std,R2_mean,R2_std,elapsed_time_mean,elapsed_time_std
all_areas,BASELINE,320.12088428036236,56.78973534269668,243.17591948437496,39.28215786462048,3191535282793758.0,4508537575356231.0,-0.16701750854346695,0.3767700728088954,0.013100099997245707,0.008152480636670487
all_areas,LGBM,231.3407506775686,26.339109057948647,184.24169265206987,20.617339403017155,2.4742192805596084e+16,2.9404985078728452e+16,0.39331421620077234,0.17313912528056621,78.2419597333331,3.386803346701665
all_areas,ARIMA,217.21806175771817,35.379256285105,173.00073161604902,34.336477745873225,1.4837845083303896e+16,1.527420476757909e+16,0.4573768768388348,0.20183537939815296,417.33633993333206,47.37456233347207
all_areas,NEURALPROPHET,297.5078231834037,58.1352592833441,241.20186430671183,49.879123812539035,1.0157121629498122e+16,1.1660714010506646e+16,-0.026715154030695538,0.4199471792760411,143.30864586666576,3.1687553704473284
all_areas,TimeGPT,543.277162908524,165.54687510429187,484.7190783211806,176.57824874927817,4.937399580621504e+16,5.3300804274041496e+16,-2.691165510795013,1.9688042450897096,6.9009619333325345,0.22377008532896633
