feature_group,model,RMSE_mean,RMSE_std,MAE_mean,MAE_std,MAPE_mean,MAPE_std,R2_mean,R2_std,elapsed_time_mean,elapsed_time_std
all_areas,BASELINE,320.12088428036236,56.78973534269668,243.17591948437496,39.28215786462048,3191535282793758.0,4508537575356231.0,-0.16701750854346695,0.3767700728088954,0.011985233334902054,0.0036308203103257524
all_areas,LGBM,233.35342745803268,63.72244143474334,178.08978103793183,43.736496855408674,3740726152269332.0,4580749164303052.0,0.3644054884943186,0.28682627293358487,81.60168783334181,0.7641005538421082
all_areas,NEURALPROPHET,265.94583034507826,57.196602957846906,217.01645612841799,49.92551882282703,1.0296060958212196e+16,1.287450966576242e+16,0.16163346701076453,0.41862223551723377,172.64278819999404,1.8132338363701144
all_areas,TimeGPT,530.3807289361793,167.70939813960888,474.93658505381944,173.91794369599683,4.850476472094803e+16,5.201935196564073e+16,-2.542502439699894,1.9204433684888955,6.37685309999991,1.396984424601058
