feature_group,model,RMSE_mean,RMSE_std,MAE_mean,MAE_std,MAPE_mean,MAPE_std,R2_mean,R2_std,elapsed_time_mean,elapsed_time_std
all_areas,BASELINE,320.12088428036236,56.78973534269668,243.17591948437496,39.28215786462048,3191535282793758.0,4508537575356231.0,-0.16701750854346695,0.3767700728088954,0.008581133336216832,0.0016743191385117668
all_areas,LGBM,252.96897952425886,49.07752289693083,202.78261105090598,41.885031537713196,1.5578792986831706e+16,1.4532463030724376e+16,0.25485107579862837,0.32010457274630916,86.23660059999868,1.541192727643782
all_areas,NEURALPROPHET,291.36853778136157,39.03325424857069,230.8337484211613,32.193594827017264,1.2624539061642202e+16,1.7054339330705216e+16,0.04162032316833434,0.25963799556791595,206.37271679999927,1.1403074471169155
all_areas,TimeGPT,523.4875487087437,158.32509693497593,465.6249486927084,166.10231614872586,4.872847086806351e+16,5.275315518936297e+16,-2.4236632199267194,1.8317666184475498,13.912485966662643,6.663752585736068
