feature_group,model,RMSE_mean,RMSE_std,MAE_mean,MAE_std,MAPE_mean,MAPE_std,R2_mean,R2_std,elapsed_time_mean,elapsed_time_std
all_areas,BASELINE,320.1208842803624,56.78973534269668,243.17591948437496,39.28215786462048,3191535282793758.0,4508537575356231.0,-0.1670175085434669,0.3767700728088954,0.0120986333301213,0.0023712066125012
all_areas,LGBM,228.6063707823156,31.502494388578672,182.32525767793,23.11447546799971,1.3538727907205736e+16,1.6569418205811372e+16,0.4141582430372033,0.1406316763665308,84.81947640000726,1.6200730828839698
all_areas,ARIMA,214.43965729068637,29.417499145415203,161.62430028680896,27.424081451046032,1.0624905744713726e+16,1.0696415483377874e+16,0.47822396084984303,0.17461833752569683,1471.6812304781593,-20.436006349133653
all_areas,NEURALPROPHET,292.79221049340373,59.31710871478432,237.59528858488804,47.45817843416675,1.213237518005416e+16,1.5854321048803672e+16,-0.0018479026634194,0.445400733162795,201.5579781000027,0.4134601880036509
all_areas,TimeGPT,539.6975311143584,174.4166441210506,482.1133080677084,181.94222528251365,5.115414207517508e+16,5.589392928008548e+16,-2.6923606340046184,2.1181423443830663,15.176213266662671,6.8761357844605895
