feature_group,model,RMSE_mean,RMSE_std,MAE_mean,MAE_std,MAPE_mean,MAPE_std,R2_mean,R2_std,elapsed_time_mean,elapsed_time_std
all_areas,BASELINE,320.12088428036236,56.78973534269668,243.17591948437496,39.28215786462048,3191535282793758.0,4508537575356231.0,-0.16701750854346695,0.3767700728088954,0.012450399997760542,0.004998327436039139
all_areas,LGBM,261.2549771355828,59.31228885368003,207.8052550035239,50.76665593582176,1.5858480132895798e+16,2.1077533158793148e+16,0.20430394266261498,0.33151395263208827,77.69129896666709,2.0253867596009125
all_areas,NEURALPROPHET,273.445896193313,50.53960307793779,221.95600174742296,41.664108317526285,7308065095286872.0,9167849590666600.0,0.138009264595083,0.327975161279632,147.98819473333182,0.7514098070983014
all_areas,TimeGPT,476.1689009714625,146.5124036271371,419.0376242760417,154.21086482775624,4.477481243712815e+16,4.963647076050216e+16,-1.8493706710061677,1.6847307915962528,11.241442600000786,5.075042663784881
