feature_group,model,RMSE_mean,RMSE_std,MAE_mean,MAE_std,MAPE_mean,MAPE_std,R2_mean,R2_std,elapsed_time_mean,elapsed_time_std
all_areas,BASELINE,320.1208842803624,56.78973534269668,243.17591948437496,39.28215786462048,3191535282793758.0,4508537575356231.0,-0.1670175085434669,0.3767700728088954,0.0073932999997244,0.0004647081149267
all_areas,LGBM,225.2863003141475,42.89175847055932,174.7330740656921,31.38724202414592,5695248516548278.0,7542020276562558.0,0.4202668509666624,0.1960873939793005,80.95006493333494,2.272726115487498
all_areas,ARIMA,230.67468724442733,47.02919924404739,180.2292894890642,40.08447313369284,1.9391303398430164e+16,2.3581276671487612e+16,0.43505074092610213,0.26118012007880415,951.8308630641488,51.140188727159774
all_areas,NEURALPROPHET,310.6278449969697,42.194704977948376,252.07925926158651,35.49614170534147,1.0392931798089832e+16,1.2633471441908978e+16,-0.1012146966029015,0.3616188045337103,171.61067216666802,0.8068264747850138
all_areas,TimeGPT,486.5457787487799,146.5564507095586,428.56115401562494,152.25040663547668,4.599057502859801e+16,5.024301675698182e+16,-1.96092702592438,1.675610772265654,10.58413283333357,5.987813032182153
