feature_group,model,RMSE_mean,RMSE_std,MAE_mean,MAE_std,MAPE_mean,MAPE_std,R2_mean,R2_std,elapsed_time_mean,elapsed_time_std
all_areas,BASELINE,320.1208842803624,56.78973534269668,243.17591948437496,39.28215786462048,3191535282793758.0,4508537575356231.0,-0.1670175085434669,0.3767700728088954,0.0146365333300006,0.0048028684943648
all_areas,LGBM,245.20152812773617,36.78689189677011,192.4477137407448,30.42504385851842,1.4309159042277598e+16,1.4922003218092094e+16,0.3166878813397618,0.2116545581386649,76.87989156667027,1.1006786515348816
all_areas,ARIMA,218.75703287105125,44.58456374227446,169.57548700761095,40.24970403827038,1.3748249814228032e+16,1.41068905308093e+16,0.416181834190308,0.2720104719862473,233.94116569312928,20.82024668686978
all_areas,NEURALPROPHET,296.2636723512188,61.63170069191285,238.856205360967,49.12477253932624,9676184076593918.0,1.1804929571319716e+16,-0.0213607481431951,0.4275828118247514,149.82133316666295,0.7299836552128828
all_areas,TimeGPT,442.31454169307057,133.56773203677943,382.811850921875,138.31142415766178,4.1147520332314136e+16,4.528290217684325e+16,-1.450513067201151,1.4935671992066084,5.097836733330041,0.1178103120850115
