feature_group,model,RMSE_mean,RMSE_std,MAE_mean,MAE_std,MAPE_mean,MAPE_std,R2_mean,R2_std,elapsed_time_mean,elapsed_time_std
all_areas,BASELINE,320.12088428036236,56.78973534269668,243.17591948437496,39.28215786462048,3191535282793758.0,4508537575356231.0,-0.16701750854346695,0.3767700728088954,0.009192366672020095,0.002760534239791451
all_areas,LGBM,235.3050264271868,53.08501636555818,186.86008210150098,44.32610893638289,1.6486557110452286e+16,2.2981011013919584e+16,0.3452279592128383,0.3218999183911678,80.77991360000063,1.6864030136852093
all_areas,NEURALPROPHET,259.69374692493477,46.73186623524478,210.9967561322835,38.68036779293448,1.3781100740010986e+16,1.777504222600958e+16,0.21449880763801474,0.33565268879054694,173.31952163333577,1.2046808423215454
all_areas,TimeGPT,515.6055645014338,161.11526374478655,460.2961084427084,167.23279188130994,4.664267733326784e+16,4.969691358048094e+16,-2.3387130457673364,1.7892464861964124,5.326209933336941,0.07543829905875726
