feature_group,model,RMSE_mean,RMSE_std,MAE_mean,MAE_std,MAPE_mean,MAPE_std,R2_mean,R2_std,elapsed_time_mean,elapsed_time_std
all_areas,BASELINE,320.12088428036236,56.78973534269668,243.17591948437496,39.28215786462048,3191535282793758.0,4508537575356231.0,-0.16701750854346695,0.3767700728088954,0.012367633336301273,0.006927470421039776
all_areas,LGBM,245.557030782434,55.41582223357198,195.9131664421378,45.882466058839,1.9604302323331516e+16,2.5427618129132084e+16,0.29525576811805254,0.30259169882421916,84.34946380000231,1.78891777446707
all_areas,NEURALPROPHET,293.92847884229343,64.93561593083318,240.24451689693876,54.69329576005507,9636589727529276.0,1.26336006549099e+16,-0.019348993982308604,0.492531641630049,194.27424863333,0.891812056672374
all_areas,TimeGPT,476.59827711418,135.16496703571735,419.7635612100694,137.24787958648108,4.4087496283684456e+16,4.718356936801174e+16,-1.8025596624393032,1.419110312090482,5.485542133338943,0.3780969122999688
