feature_group,model,RMSE_mean,RMSE_std,MAE_mean,MAE_std,MAPE_mean,MAPE_std,R2_mean,R2_std,elapsed_time_mean,elapsed_time_std
all_areas,BASELINE,320.12088428036236,56.78973534269668,243.17591948437496,39.28215786462048,3191535282793758.0,4508537575356231.0,-0.16701750854346695,0.3767700728088954,0.014126833334254721,0.0015107766595480142
all_areas,LGBM,225.92106642428053,7.321732598525137,184.38702748745982,8.30903575461466,1.4590842691675454e+16,1.2776880901815742e+16,0.4324344822659893,0.06632170194711955,79.29729906666519,0.6242695964335364
all_areas,NEURALPROPHET,272.3629347740344,68.3062903877003,220.6248738391181,59.28305673787158,1.2092077888008744e+16,1.3873677198434056e+16,0.11077730563767467,0.4798907332657967,160.09378813333265,0.09764829185644595
all_areas,TimeGPT,442.9417962193797,124.02476072878699,385.41905514409723,125.11422231643077,4.22232762539307e+16,4.597015710601283e+16,-1.421823361166797,1.3071929567201737,5.965777500003848,1.3715329716547204
