feature_group,model,RMSE_mean,RMSE_std,MAE_mean,MAE_std,MAPE_mean,MAPE_std,R2_mean,R2_std,elapsed_time_mean,elapsed_time_std
all_areas,BASELINE,320.12088428036236,56.78973534269668,243.17591948437496,39.28215786462048,3191535282793758.0,4508537575356231.0,-0.16701750854346695,0.3767700728088954,0.009704999999181988,0.0016829657433527832
all_areas,LGBM,224.91554117325907,20.258817909627425,178.63764031654213,12.962231834933178,1.1295937176465334e+16,8816057409444991.0,0.4412478958604154,0.06473912876857062,78.31552490000225,1.8910433672773235
all_areas,NEURALPROPHET,290.8806774605921,58.95303182666393,240.08235879982502,52.12972246555672,1.4555401977710448e+16,1.7785616616864666e+16,0.015169670403257748,0.41687985305157105,154.3544972000042,0.06503425659401879
all_areas,TimeGPT,466.426004738407,145.25854094746515,412.3227223177084,145.68128893984843,4.3883632245927224e+16,4.774275411860292e+16,-1.7390054682556624,1.582660023554708,5.022868566670998,0.1660385552447912
