feature_group,model,RMSE_mean,RMSE_std,MAE_mean,MAE_std,MAPE_mean,MAPE_std,R2_mean,R2_std,elapsed_time_mean,elapsed_time_std
all_areas,BASELINE,320.12088428036236,56.78973534269668,243.17591948437496,39.28215786462048,3191535282793758.0,4508537575356231.0,-0.16701750854346695,0.3767700728088954,0.008835299997978533,0.0012473127188863803
all_areas,LGBM,245.10956986294823,29.89448079599707,193.9731252009873,27.755542370774773,2.291627871233296e+16,2.790677951188988e+16,0.32452557829853845,0.16523558397270044,81.57690880000398,1.6309042625549832
all_areas,NEURALPROPHET,304.5778810072124,37.48260901895874,242.66484017167156,29.14417696489881,1.0724365357168958e+16,1.10809529705581e+16,-0.04113064296520752,0.24505183822803747,173.55886059999952,18.8893617033595
all_areas,TimeGPT,614.1833433512447,21.78546049746666,559.9458290208333,22.78092815104162,7.066420177568678e+16,4.663456338703275e+16,-3.376413838599129,0.4351466501061054,5.0738012500005425,0.23259464999864576
