feature_group,model,RMSE_mean,RMSE_std,MAE_mean,MAE_std,MAPE_mean,MAPE_std,R2_mean,R2_std,elapsed_time_mean,elapsed_time_std
all_areas,BASELINE,320.1208842803624,56.78973534269668,243.17591948437496,39.28215786462048,3191535282793758.0,4508537575356231.0,-0.1670175085434669,0.3767700728088954,0.0123676333363012,0.0069274704210397
all_areas,LGBM,245.557030782434,55.41582223357198,195.9131664421378,45.882466058839,1.960430232333152e+16,2.5427618129132084e+16,0.2952557681180525,0.3025916988242191,84.34946380000231,1.78891777446707
all_areas,ARIMA,211.13716018811442,35.424255441635616,166.56684830213555,35.079548710904234,1.5590323484118836e+16,1.789920206828161e+16,0.454100087200663,0.21269826867864838,1397.7535419326855,44.670557258178945
all_areas,NEURALPROPHET,293.92847884229343,64.93561593083318,240.2445168969388,54.69329576005507,9636589727529276.0,1.26336006549099e+16,-0.0193489939823086,0.492531641630049,194.27424863333,0.891812056672374
all_areas,TimeGPT,476.59827711418,135.16496703571735,419.7635612100694,137.24787958648108,4.4087496283684456e+16,4.718356936801174e+16,-1.8025596624393032,1.419110312090482,5.485542133338943,0.3780969122999688
