feature_group,model,RMSE_mean,RMSE_std,MAE_mean,MAE_std,MAPE_mean,MAPE_std,R2_mean,R2_std,elapsed_time_mean,elapsed_time_std
all_areas,BASELINE,320.12088428036236,56.78973534269668,243.17591948437496,39.28215786462048,3191535282793758.0,4508537575356231.0,-0.16701750854346695,0.3767700728088954,0.013169066670040289,0.00774918099437443
all_areas,LGBM,232.5701113317023,4.867427304500162,185.26679987916717,12.559068801030056,1.6480171172360106e+16,1.4223193860129418e+16,0.3992003876723779,0.05761877173737251,79.54756083333632,2.1078733601934716
all_areas,NEURALPROPHET,322.1561254817055,41.56072868353177,262.78856325897385,34.823061078880436,9036058094440084.0,1.074564783984583e+16,-0.16884853301675914,0.29990851098611876,163.58297216667174,0.5826669301799853
all_areas,TimeGPT,444.0074253396545,125.68007565139217,384.9696114427083,128.21816391731753,4.240603537612163e+16,4.6493331017891224e+16,-1.4392276229642185,1.3672494133850115,6.306486099997225,1.3423021806297573
