feature_group,model,RMSE_mean,RMSE_std,MAE_mean,MAE_std,MAPE_mean,MAPE_std,R2_mean,R2_std,elapsed_time_mean,elapsed_time_std
all_areas,BASELINE,320.12088428036236,56.78973534269668,243.17591948437496,39.28215786462048,3191535282793758.0,4508537575356231.0,-0.16701750854346695,0.3767700728088954,0.015234699991803305,0.0042433179030431775
all_areas,LGBM,234.50235157159443,17.028919613964504,184.0712385235009,16.488297488780677,1.2618410330160498e+16,1.4364376770277762e+16,0.39134819863571574,0.06536499839738835,76.90739669999554,1.954419867625324
all_areas,NEURALPROPHET,307.1497911097602,73.39978248686141,246.36916279012556,59.2246020618675,1.0081716320337992e+16,1.2476085052015596e+16,-0.1035394775512457,0.4699737694306073,145.53171153333096,0.19344172930859457
all_areas,TimeGPT,382.75362813787893,85.75715879338858,324.33938073090275,84.77069072764887,2.8700802102535164e+16,2.8487044707375456e+16,-0.750432281183011,0.7824231546402598,4.74783386666483,0.44549915815673313
