feature_group,model,RMSE_mean,RMSE_std,MAE_mean,MAE_std,MAPE_mean,MAPE_std,R2_mean,R2_std,elapsed_time_mean,elapsed_time_std
all_areas,BASELINE,320.12088428036236,56.78973534269668,243.17591948437496,39.28215786462048,3191535282793758.0,4508537575356231.0,-0.16701750854346695,0.3767700728088954,0.01587853333815777,0.006857688381181278
all_areas,LGBM,248.62191697770632,25.48657922373334,194.72619822902854,16.390013196798332,1.9905193684728052e+16,2.2973175396091452e+16,0.30745775930539465,0.14922996288808976,81.61710840000403,0.990916117829277
all_areas,NEURALPROPHET,284.90511145821284,54.69226152464649,230.15194711541574,46.87994368832714,1.2198755092660304e+16,1.7117401663694546e+16,0.057169039367548434,0.393783542563445,171.5458218333321,3.30203795940883
all_areas,TimeGPT,482.337315953288,141.86616502475312,426.291923390625,146.0220460670272,4.4487812497562136e+16,4.789397241030528e+16,-1.8921777033254135,1.528566809590129,7.330533299997721,2.9913600709014103
