feature_group,model,RMSE_mean,RMSE_std,MAE_mean,MAE_std,MAPE_mean,MAPE_std,R2_mean,R2_std,elapsed_time_mean,elapsed_time_std
all_areas,BASELINE,320.12088428036236,56.78973534269668,243.17591948437496,39.28215786462048,3191535282793758.0,4508537575356231.0,-0.16701750854346695,0.3767700728088954,0.013806433329591528,0.0034370677003170524
all_areas,LGBM,256.78687781590395,9.086846266641954,205.77968426682366,1.6005633316526555,1.1392358287893646e+16,8370189987217475.0,0.2704154225563282,0.043294099045329264,80.4674461666679,4.740983852957288
all_areas,NEURALPROPHET,300.7224269018023,34.68257518100187,241.16956048095196,25.252329630831216,7901976036289267.0,9733302367933526.0,-0.017938405857509093,0.25323546228038213,159.5744970333326,0.8897202335142042
all_areas,TimeGPT,440.3209502153782,116.8022123453067,381.858873578125,117.63928232786122,4.064407575271932e+16,4.336329519059177e+16,-1.3704666663552265,1.1956208681439575,12.917195566667942,5.755060297906416
