feature_group,model,RMSE_mean,RMSE_std,MAE_mean,MAE_std,MAPE_mean,MAPE_std,R2_mean,R2_std,elapsed_time_mean,elapsed_time_std
all_areas,BASELINE,320.1208842803624,56.78973534269668,243.17591948437496,39.28215786462048,3191535282793758.0,4508537575356231.0,-0.1670175085434669,0.3767700728088954,0.0140457333327503,0.0083876312702266
all_areas,LGBM,264.48058923464606,2.77471477599492,210.46820414374983,5.82533121713196,1.494448134470067e+16,1.1790368418282866e+16,0.2252620381606247,0.0443506016890683,79.97878466666832,1.26967749857012
all_areas,ARIMA,213.88469425322273,47.58802173650152,170.25405323378104,41.08922771001822,1.709733125480965e+16,2.0637898443375304e+16,0.4115754600363976,0.27900552524469124,396.4197343367637,15.790836921225171
all_areas,NEURALPROPHET,293.7081930117225,54.24016211927109,237.5134400625,45.09817048386273,9756671286502374.0,1.1734301892975084e+16,0.0049316702349333,0.3818432925656692,162.72120149999682,0.841789263638534
all_areas,TimeGPT,452.46485530934297,129.33033463578744,394.9715500538195,129.93230188830856,4.239253958923828e+16,4.594179848618735e+16,-1.5358115663607883,1.379618654399731,5.168586433336411,0.1097565289729978
