feature_group,model,RMSE_mean,RMSE_std,MAE_mean,MAE_std,MAPE_mean,MAPE_std,R2_mean,R2_std,elapsed_time_mean,elapsed_time_std
all_areas,BASELINE,320.12088428036236,56.78973534269668,243.17591948437496,39.28215786462048,3191535282793758.0,4508537575356231.0,-0.16701750854346695,0.3767700728088954,0.013173699999849001,0.007384242230858611
all_areas,LGBM,229.80496383163995,15.545840191336264,185.11408862293354,13.130511129824974,1.7737281953852886e+16,1.6648564484631262e+16,0.40976043375151755,0.10594151596160035,82.59372986665888,1.0761143157418525
all_areas,NEURALPROPHET,302.7171804356247,102.5435246201523,244.99583983079023,83.78655092525774,7675496206929599.0,9609243789058632.0,-0.17071752018028516,0.8563897526183233,189.47808869999912,1.0081483756001157
all_areas,TimeGPT,527.2165379795273,165.87337982959076,471.572631546875,171.24258781511162,4.775825570908947e+16,5.0845427225062376e+16,-2.4920202910247933,1.862002879347022,5.247960000007879,0.17708606238576116
