feature_group,model,RMSE_mean,RMSE_std,MAE_mean,MAE_std,MAPE_mean,MAPE_std,R2_mean,R2_std,elapsed_time_mean,elapsed_time_std
all_areas,BASELINE,320.12088428036236,56.78973534269668,243.17591948437496,39.28215786462048,3191535282793758.0,4508537575356231.0,-0.16701750854346695,0.3767700728088954,0.012156299999332987,0.005184143884575073
all_areas,LGBM,221.8856303431974,48.06097697697568,173.62954290963089,36.09817345329358,1.8278837139546516e+16,2.2904999422209284e+16,0.43560560603494713,0.20625497840317636,85.4840126666677,2.2117944449107023
all_areas,NEURALPROPHET,281.31402051710467,58.23403298145389,226.9186074013875,53.52364727187386,9867783999324242.0,1.2572038734606658e+16,0.07489549907665878,0.41052443482673345,202.38503059999493,2.187585151750286
all_areas,TimeGPT,504.29020236093703,149.64585982601847,445.92542811631944,155.20522553019387,4.687235121901452e+16,5.0372657579136296e+16,-2.1643630573970376,1.6589168142485908,5.136032133338934,0.07052338736295301
