feature_group,model,RMSE_mean,RMSE_std,MAE_mean,MAE_std,MAPE_mean,MAPE_std,R2_mean,R2_std,elapsed_time_mean,elapsed_time_std
all_areas,BASELINE,320.1208842803624,56.78973534269668,243.17591948437496,39.28215786462048,3191535282793758.0,4508537575356231.0,-0.1670175085434669,0.3767700728088954,0.0138064333295915,0.003437067700317
all_areas,LGBM,256.78687781590395,9.086846266641954,205.7796842668237,1.6005633316526555,1.1392358287893646e+16,8370189987217475.0,0.2704154225563282,0.0432940990453292,80.4674461666679,4.740983852957288
all_areas,ARIMA,227.02100281206967,46.40195798456649,178.11483678562698,41.90352069158926,1.6731605884172452e+16,1.8501973346219704e+16,0.44889698090984714,0.2806139816581826,264.5816845508885,6.936627431367168
all_areas,NEURALPROPHET,300.7224269018023,34.68257518100187,241.169560480952,25.252329630831216,7901976036289267.0,9733302367933526.0,-0.017938405857509,0.2532354622803821,159.5744970333326,0.8897202335142042
all_areas,TimeGPT,440.3209502153782,116.8022123453067,381.858873578125,117.63928232786122,4.064407575271932e+16,4.336329519059177e+16,-1.3704666663552263,1.1956208681439575,12.917195566667942,5.755060297906416
