feature_group,model,RMSE_mean,RMSE_std,MAE_mean,MAE_std,MAPE_mean,MAPE_std,R2_mean,R2_std,elapsed_time_mean,elapsed_time_std
all_areas,BASELINE,320.12088428036236,56.78973534269668,243.17591948437496,39.28215786462048,3191535282793758.0,4508537575356231.0,-0.16701750854346695,0.3767700728088954,0.014557133331739655,0.003760604567274416
all_areas,LGBM,264.40458727888785,18.167255599430018,209.813026541535,10.928924452340324,1.7550584369299728e+16,1.4825186496963626e+16,0.22234235863890447,0.11535978097578638,79.0195364000004,1.2355119174801579
all_areas,NEURALPROPHET,277.21728906972226,78.80520824854558,228.5311959935201,69.77869512335319,1.139057563014861e+16,1.3962595994014506e+16,0.052697144714846135,0.5997785206585272,158.043257699998,0.5981187815163016
all_areas,TimeGPT,444.61468306201033,120.96872921295376,388.3129743420139,119.88054996641415,4.0860411243007144e+16,4.3507382669532296e+16,-1.4247164190858783,1.2171393556089096,5.243807533333893,0.11068528557582266
