feature_group,model,RMSE_mean,RMSE_std,MAE_mean,MAE_std,MAPE_mean,MAPE_std,R2_mean,R2_std,elapsed_time_mean,elapsed_time_std
all_areas,BASELINE,320.12088428036236,56.78973534269668,243.17591948437496,39.28215786462048,3191535282793758.0,4508537575356231.0,-0.16701750854346695,0.3767700728088954,0.009696466659079306,0.00232398161750606
all_areas,LGBM,204.3195639150335,25.881432490478293,163.1801321358511,20.395561423005365,9809119540310842.0,1.1886972395422724e+16,0.532933156307802,0.10406735026589468,82.72530970000177,0.7812625044275144
all_areas,NEURALPROPHET,326.6010423910015,50.570421899380946,261.7664928549042,41.424151677133686,9950597411242068.0,1.3683344995050344e+16,-0.21471122376266824,0.38939242212638775,182.7967921333378,1.4110085935223433
all_areas,TimeGPT,499.1984929813395,141.23627371285207,440.52930304340276,148.42503289581978,4.555254421715335e+16,4.8599793033543496e+16,-2.070562711789997,1.5367912702323483,5.576649033333524,0.6445553134593912
