feature_group,model,RMSE_mean,RMSE_std,MAE_mean,MAE_std,MAPE_mean,MAPE_std,R2_mean,R2_std,elapsed_time_mean,elapsed_time_std
all_areas,BASELINE,320.1208842803624,56.78973534269668,243.17591948437496,39.28215786462048,3191535282793758.0,4508537575356231.0,-0.1670175085434669,0.3767700728088954,0.013173699999849,0.0073842422308586
all_areas,LGBM,229.80496383163995,15.545840191336264,185.11408862293356,13.130511129824974,1.7737281953852886e+16,1.6648564484631262e+16,0.4097604337515175,0.1059415159616003,82.59372986665888,1.0761143157418525
all_areas,ARIMA,216.61692663937467,37.46021238119281,171.85594326968263,34.685010784780964,1.6176820393824918e+16,1.826937375078885e+16,0.4585444503467128,0.2104160366109414,1272.2882384667173,35.93504182744757
all_areas,NEURALPROPHET,302.7171804356247,102.5435246201523,244.99583983079023,83.78655092525774,7675496206929598.0,9609243789058632.0,-0.1707175201802851,0.8563897526183233,189.47808869999912,1.0081483756001155
all_areas,TimeGPT,527.2165379795273,165.87337982959076,471.572631546875,171.24258781511162,4.775825570908947e+16,5.0845427225062376e+16,-2.4920202910247933,1.862002879347022,5.247960000007879,0.1770860623857611
