feature_group,model,RMSE_mean,RMSE_std,MAE_mean,MAE_std,MAPE_mean,MAPE_std,R2_mean,R2_std,elapsed_time_mean,elapsed_time_std
all_areas,BASELINE,320.1208842803624,56.78973534269668,243.17591948437496,39.28215786462048,3191535282793758.0,4508537575356231.0,-0.1670175085434669,0.3767700728088954,0.0130543666697728,0.0025338034977448
all_areas,LGBM,220.4651034881915,21.07425229748176,171.73082228100228,19.191264986678867,1.3026550367244406e+16,1.3907401361225568e+16,0.456613366372806,0.1077475422662212,79.8649984333315,3.30267136777825
all_areas,ARIMA,218.62212036436395,44.42036028972475,179.6291723227063,41.4980614678443,1.355780213898372e+16,1.433968008407059e+16,0.4226766354761156,0.2729659526004946,229.06979412382853,18.822952503036138
all_areas,NEURALPROPHET,264.70200336280163,61.631961214189815,215.25245459092204,53.43008134907801,9598188902154344.0,1.2945548204474922e+16,0.1609912521875534,0.4487757015345185,150.8019609666711,0.6171067244716589
all_areas,TimeGPT,461.56291699252944,148.5540497616968,404.3149268385417,154.02792953407345,4.3758542420652216e+16,4.824198949625354e+16,-1.7034780281996964,1.7042666017921264,6.377934133338083,0.3536315245280485
