feature_group,model,RMSE_mean,RMSE_std,MAE_mean,MAE_std,MAPE_mean,MAPE_std,R2_mean,R2_std,elapsed_time_mean,elapsed_time_std
all_areas,BASELINE,320.12088428036236,56.78973534269668,243.17591948437496,39.28215786462048,3191535282793758.0,4508537575356231.0,-0.16701750854346695,0.3767700728088954,0.014222899999973984,0.005385724933162002
all_areas,LGBM,235.30446741096162,22.494938273744623,188.54973864881006,26.532022783134313,2.077643361036008e+16,2.054285023066149e+16,0.37309211966153355,0.15702900287250365,81.17134023332619,2.3393096493330514
all_areas,NEURALPROPHET,333.8363033309449,82.77430677982866,271.21763837949794,70.94044834881878,2.463458474456235e+16,3.3646724967182004e+16,-0.3399653993380351,0.7439738637988217,165.858908633328,0.7571606788112696
all_areas,TimeGPT,470.0175768043321,150.08440967756275,412.42146497743056,154.48829373905346,4.590725718449175e+16,5.098137161465429e+16,-1.7986681425756539,1.7544648026618068,6.094646199999261,1.516701849046587
