feature_group,model,RMSE_mean,RMSE_std,MAE_mean,MAE_std,MAPE_mean,MAPE_std,R2_mean,R2_std,elapsed_time_mean,elapsed_time_std
all_areas,BASELINE,320.1208842803624,56.78973534269668,243.17591948437496,39.28215786462048,3191535282793758.0,4508537575356231.0,-0.1670175085434669,0.3767700728088954,0.0077207666666557,0.0005605322746641
all_areas,LGBM,234.5384763187193,30.767449084184538,186.18665135679635,25.17429264954715,1.5800752282494794e+16,1.7436376126456012e+16,0.3753803679369356,0.1888190651168685,78.6866319666733,1.7779751357810931
all_areas,ARIMA,231.8911590707745,45.41563880490666,180.9386405908917,40.615628105285836,1.323709354584386e+16,1.4296904810689282e+16,0.39671509335022326,0.2599726460526846,226.21765536422842,22.026983336192124
all_areas,NEURALPROPHET,289.88652205369766,51.59775763714179,234.35395614160663,40.67620215371291,9074980281122902.0,9147328372387418.0,0.0376600935342067,0.3347945149684833,148.2884815333382,0.1952458488625753
all_areas,TimeGPT,456.377433282491,125.41073386265948,399.4517982621528,128.94703858905265,3.838853951509322e+16,3.987795748900572e+16,-1.5569805658267224,1.2740088954095932,6.425371233330225,2.1780382914100893
