feature_group,model,RMSE_mean,RMSE_std,MAE_mean,MAE_std,MAPE_mean,MAPE_std,R2_mean,R2_std,elapsed_time_mean,elapsed_time_std
all_areas,BASELINE,320.1208842803624,56.78973534269668,243.17591948437496,39.28215786462048,3191535282793758.0,4508537575356231.0,-0.1670175085434669,0.3767700728088954,0.011100799999743,0.005301476173647
all_areas,LGBM,228.11876177349663,20.738726284078936,179.75204699234516,16.831199508383172,7860439266648822.0,1.0556793930743436e+16,0.4185337088330174,0.1117821088549741,76.1861784333305,1.1245446804881185
all_areas,ARIMA,233.52229131098733,46.46353958007549,189.75509673873898,42.17061799244098,1.2764113212169774e+16,1.4118039802510266e+16,0.3653552650754682,0.2826153501759356,148.29906110334608,13.606217462837758
all_areas,NEURALPROPHET,297.6792437104773,40.89106646983676,240.0735020228712,33.85822478047869,9723537522688096.0,1.1978358703884776e+16,-0.0068890383040265,0.3094800860220211,145.79188253333268,0.110633432450885
all_areas,TimeGPT,394.8908953891129,81.68361957643714,333.498283765625,84.90331961294615,3.001300099215086e+16,3.006552752158902e+16,-0.8456466045418344,0.7645203211880522,4.707665666666192,0.056924804919389
