feature_group,model,RMSE_mean,RMSE_std,MAE_mean,MAE_std,MAPE_mean,MAPE_std,R2_mean,R2_std,elapsed_time_mean,elapsed_time_std
all_areas,BASELINE,320.1208842803624,56.78973534269668,243.17591948437496,39.28215786462048,3191535282793758.0,4508537575356231.0,-0.1670175085434669,0.3767700728088954,0.0158785333381577,0.0068576883811812
all_areas,LGBM,248.62191697770632,25.48657922373334,194.7261982290285,16.390013196798332,1.990519368472805e+16,2.297317539609145e+16,0.3074577593053946,0.1492299628880897,81.61710840000403,0.990916117829277
all_areas,ARIMA,222.99680366824887,45.33622727288161,180.22189067423977,39.071423556998155,2.0473254387525296e+16,2.3697507696403444e+16,0.4252114440235781,0.27075217627805614,842.9706384914242,49.89170234505071
all_areas,NEURALPROPHET,284.90511145821284,54.69226152464649,230.1519471154157,46.87994368832714,1.2198755092660304e+16,1.7117401663694546e+16,0.0571690393675484,0.393783542563445,171.5458218333321,3.30203795940883
all_areas,TimeGPT,482.337315953288,141.86616502475312,426.291923390625,146.0220460670272,4.4487812497562136e+16,4.789397241030528e+16,-1.8921777033254132,1.528566809590129,7.330533299997721,2.9913600709014103
