feature_group,model,RMSE_mean,RMSE_std,MAE_mean,MAE_std,MAPE_mean,MAPE_std,R2_mean,R2_std,elapsed_time_mean,elapsed_time_std
all_areas,BASELINE,320.12088428036236,56.78973534269668,243.17591948437496,39.28215786462048,3191535282793758.0,4508537575356231.0,-0.16701750854346695,0.3767700728088954,0.007393299999724452,0.00046470811492674784
all_areas,LGBM,225.2863003141475,42.89175847055932,174.7330740656921,31.387242024145916,5695248516548278.0,7542020276562559.0,0.42026685096666244,0.19608739397930056,80.95006493333494,2.272726115487498
all_areas,NEURALPROPHET,310.6278449969697,42.194704977948376,252.07925926158654,35.49614170534147,1.0392931798089832e+16,1.2633471441908978e+16,-0.10121469660290157,0.36161880453371037,171.61067216666802,0.8068264747850138
all_areas,TimeGPT,486.54577874877987,146.5564507095586,428.56115401562494,152.25040663547668,4.599057502859801e+16,5.024301675698182e+16,-1.9609270259243796,1.675610772265654,10.58413283333357,5.987813032182153
