feature_group,model,RMSE_mean,RMSE_std,MAE_mean,MAE_std,MAPE_mean,MAPE_std,R2_mean,R2_std,elapsed_time_mean,elapsed_time_std
all_areas,BASELINE,320.12088428036236,56.78973534269668,243.17591948437496,39.28215786462048,3191535282793758.0,4508537575356231.0,-0.16701750854346695,0.3767700728088954,0.011152799997944385,0.0034455504080517954
all_areas,LGBM,227.9786621047077,36.36179446467246,179.256696554155,26.866271486820423,1.8848930684696708e+16,2.3788741453593064e+16,0.4099185559123389,0.18023981710542714,83.27838286665792,0.6807080218695102
all_areas,NEURALPROPHET,289.61797189132614,52.95012221353347,232.61673196339586,43.71345834954187,3909873847180488.5,3991950524540203.5,0.03657460092763506,0.34874208790945666,195.5493939666679,11.191178149471153
all_areas,TimeGPT,512.7533959557838,153.43234833444507,455.94671131076393,159.17039116613876,4.6654443925544264e+16,4.9769000674058056e+16,-2.272074127329455,1.6961027369414319,10.560822466664831,5.86556401061481
