feature_group,model,RMSE_mean,RMSE_std,MAE_mean,MAE_std,MAPE_mean,MAPE_std,R2_mean,R2_std,elapsed_time_mean,elapsed_time_std
all_areas,BASELINE,320.1208842803624,56.78973534269668,243.17591948437496,39.28215786462048,3191535282793758.0,4508537575356231.0,-0.1670175085434669,0.3767700728088954,0.0145571333317396,0.0037606045672744
all_areas,LGBM,264.40458727888785,18.167255599430018,209.813026541535,10.928924452340324,1.7550584369299728e+16,1.4825186496963626e+16,0.2223423586389044,0.1153597809757863,79.0195364000004,1.235511917480158
all_areas,ARIMA,217.81436128533164,47.61868394534191,168.58757023815323,42.13837831450803,1.5973521553473792e+16,1.7278055607456444e+16,0.4508496138785976,0.2796217074961017,227.5323409540544,6.842013849279146
all_areas,NEURALPROPHET,277.21728906972226,78.80520824854558,228.5311959935201,69.77869512335319,1.139057563014861e+16,1.3962595994014506e+16,0.0526971447148461,0.5997785206585272,158.043257699998,0.5981187815163016
all_areas,TimeGPT,444.61468306201033,120.96872921295376,388.3129743420139,119.88054996641416,4.086041124300714e+16,4.3507382669532296e+16,-1.4247164190858783,1.2171393556089096,5.243807533333893,0.1106852855758226
