feature_group,model,RMSE_mean,RMSE_std,MAE_mean,MAE_std,MAPE_mean,MAPE_std,R2_mean,R2_std,elapsed_time_mean,elapsed_time_std
all_areas,BASELINE,320.12088428036236,56.78973534269668,243.17591948437496,39.28215786462048,3191535282793758.0,4508537575356231.0,-0.16701750854346695,0.3767700728088954,0.011986400000751019,0.005700714319788224
all_areas,LGBM,229.50234396943526,45.6570494931547,177.7748794773355,32.8057284372807,1.5819304393478746e+16,1.8921014143225932e+16,0.38613442837700807,0.2653373005087116,81.53942363333287,1.5810189443371587
all_areas,NEURALPROPHET,270.86605517565823,41.806039574944236,217.29647582297602,33.03748503829164,9238692026763106.0,1.2155806691325378e+16,0.1757489330646914,0.21669930092449574,180.73116036667003,1.1039486421820965
all_areas,TimeGPT,554.1902921904017,169.15391646690756,494.892141953125,181.11211827211616,4.853168514409564e+16,5.1112872536090936e+16,-2.828080331925728,1.9963313433699776,5.208402800000234,0.15743767309154869
