feature_group,model,RMSE_mean,RMSE_std,MAE_mean,MAE_std,MAPE_mean,MAPE_std,R2_mean,R2_std,elapsed_time_mean,elapsed_time_std
all_areas,BASELINE,320.1208842803624,56.78973534269668,243.17591948437496,39.28215786462048,3191535282793758.0,4508537575356231.0,-0.1670175085434669,0.3767700728088954,0.0096964666590793,0.002323981617506
all_areas,LGBM,204.3195639150335,25.881432490478293,163.1801321358511,20.395561423005365,9809119540310842.0,1.1886972395422724e+16,0.532933156307802,0.1040673502658946,82.72530970000177,0.7812625044275144
all_areas,ARIMA,214.852723073071,40.06894941845889,174.3720943107189,36.31671322654199,1.6964168118530752e+16,2.036070819546724e+16,0.4568356328083083,0.2183774761985914,1131.702716881719,35.20001147996575
all_areas,NEURALPROPHET,326.6010423910015,50.57042189938095,261.7664928549042,41.424151677133686,9950597411242068.0,1.3683344995050344e+16,-0.2147112237626682,0.3893924221263877,182.7967921333378,1.411008593522343
all_areas,TimeGPT,499.1984929813395,141.23627371285207,440.5293030434028,148.42503289581978,4.555254421715335e+16,4.8599793033543496e+16,-2.070562711789997,1.5367912702323483,5.576649033333524,0.6445553134593912
