feature_group,model,RMSE_mean,RMSE_std,MAE_mean,MAE_std,MAPE_mean,MAPE_std,R2_mean,R2_std,elapsed_time_mean,elapsed_time_std
all_areas,BASELINE,320.12088428036236,56.78973534269668,243.17591948437496,39.28215786462048,3191535282793758.0,4508537575356231.0,-0.16701750854346695,0.3767700728088954,0.014636533330000626,0.00480286849436486
all_areas,LGBM,245.20152812773617,36.78689189677011,192.44771374074477,30.42504385851842,1.4309159042277598e+16,1.4922003218092094e+16,0.31668788133976183,0.21165455813866496,76.87989156667027,1.1006786515348816
all_areas,NEURALPROPHET,296.26367235121876,61.631700691912854,238.856205360967,49.12477253932624,9676184076593918.0,1.1804929571319716e+16,-0.021360748143195107,0.4275828118247514,149.82133316666295,0.7299836552128828
all_areas,TimeGPT,442.31454169307057,133.56773203677943,382.811850921875,138.31142415766178,4.1147520332314136e+16,4.528290217684325e+16,-1.450513067201151,1.4935671992066084,5.097836733330041,0.11781031208501151
