feature_group,model,RMSE_mean,RMSE_std,MAE_mean,MAE_std,MAPE_mean,MAPE_std,R2_mean,R2_std,elapsed_time_mean,elapsed_time_std
all_areas,BASELINE,320.12088428036236,56.78973534269668,243.17591948437496,39.28215786462048,3191535282793758.0,4508537575356231.0,-0.16701750854346695,0.3767700728088954,0.024476799997501075,0.00325138758536435
all_areas,LGBM,251.0808274799028,61.20576368751864,197.92217376513727,49.25981756105082,2.3510542138865424e+16,3.078227818213675e+16,0.2519874095323235,0.36810281781531373,88.49122096667027,2.601426011541896
all_areas,NEURALPROPHET,276.0833093179279,56.72349267278076,224.1054929270359,47.04589938064621,9467975276720686.0,1.2448180170439022e+16,0.1015662686838426,0.4302020603480358,222.53176726666183,39.35179448548935
all_areas,TimeGPT,514.2146680767412,147.26532798062004,454.0998029114583,156.4854121352799,4.565124115029963e+16,4.8140306313743144e+16,-2.2585075881454952,1.6327470574047223,5.614393666663091,0.16374824610178357
