feature_group,model,RMSE_mean,RMSE_std,MAE_mean,MAE_std,MAPE_mean,MAPE_std,R2_mean,R2_std,elapsed_time_mean,elapsed_time_std
all_areas,BASELINE,320.12088428036236,56.78973534269668,243.17591948437496,39.28215786462048,3191535282793758.0,4508537575356231.0,-0.16701750854346695,0.3767700728088954,0.013054366669772813,0.002533803497744837
all_areas,LGBM,220.4651034881915,21.07425229748176,171.73082228100228,19.191264986678867,1.3026550367244406e+16,1.3907401361225568e+16,0.456613366372806,0.10774754226622128,79.8649984333315,3.30267136777825
all_areas,NEURALPROPHET,264.70200336280163,61.631961214189815,215.25245459092204,53.43008134907801,9598188902154344.0,1.2945548204474922e+16,0.16099125218755347,0.44877570153451857,150.8019609666711,0.6171067244716589
all_areas,TimeGPT,461.56291699252944,148.5540497616968,404.3149268385417,154.02792953407345,4.3758542420652216e+16,4.824198949625354e+16,-1.7034780281996964,1.7042666017921264,6.377934133338083,0.3536315245280485
