feature_group,model,RMSE_mean,RMSE_std,MAE_mean,MAE_std,MAPE_mean,MAPE_std,R2_mean,R2_std,elapsed_time_mean,elapsed_time_std
all_areas,BASELINE,320.12088428036236,56.78973534269668,243.17591948437496,39.28215786462048,3191535282793758.0,4508537575356231.0,-0.16701750854346695,0.3767700728088954,0.011459266665042378,0.004278095824555217
all_areas,LGBM,245.20239747177297,41.63588863870421,196.11811035561178,37.83308676680128,1.7827660288158734e+16,2.4193077279051176e+16,0.30144986294634296,0.2852355191461498,77.99555233333376,1.489381344533478
all_areas,NEURALPROPHET,301.11985204754336,63.548730466394204,240.89648594846258,48.95083589248337,1.358364844712124e+16,1.7318843959529278e+16,-0.052820019148442775,0.4271103692090103,149.13156923333494,0.7811219245783941
all_areas,TimeGPT,474.0740528045479,145.379963050565,420.97845833506943,148.56994559969237,3.982672550965969e+16,4.073066025892412e+16,-1.8080651222426176,1.4710544933683831,13.023758999998487,5.604463884516064
