feature_group,model,RMSE_mean,RMSE_std,MAE_mean,MAE_std,MAPE_mean,MAPE_std,R2_mean,R2_std,elapsed_time_mean,elapsed_time_std
all_areas,BASELINE,320.12088428036236,56.78973534269668,243.17591948437496,39.28215786462048,3191535282793758.0,4508537575356231.0,-0.16701750854346695,0.3767700728088954,0.016405666664165135,0.00624982521894323
all_areas,LGBM,221.7825359688031,44.75327592872487,179.89176952250747,40.09619417751266,1.2794315858688384e+16,1.481949899346277e+16,0.4234289794053499,0.26468558045513363,82.07369313333281,0.5326998664680065
all_areas,NEURALPROPHET,312.3758798855614,61.82299043387909,252.69920695181273,50.281748989634764,1.4677539394362582e+16,1.8083602737621804e+16,-0.12430647512128457,0.42012216648912926,178.96276686666533,0.39278855225113674
all_areas,TimeGPT,514.955300259613,163.646997347969,457.4603410434028,170.97440765517274,4.896455698834215e+16,5.387115538364637e+16,-2.352136832720882,1.952443704461622,5.8609934666601475,1.1620125217119623
